{
  "variants": {
    "facing=north,half=lower,hinge=left,open=false":  {"model": "block/pale_oak_door_bottom_left"},
    "facing=north,half=lower,hinge=left,open=true":   {"model": "block/pale_oak_door_bottom_right", "y": 90},
    "facing=north,half=lower,hinge=right,open=false": {"model": "block/pale_oak_door_bottom_right"},
    "facing=north,half=lower,hinge=right,open=true":  {"model": "block/pale_oak_door_bottom_left","y": 270},
    "facing=north,half=upper,hinge=left,open=false":  {"model": "block/pale_oak_door_top_left"},
    "facing=north,half=upper,hinge=left,open=true":   {"model": "block/pale_oak_door_top_right", "y": 90},
    "facing=north,half=upper,hinge=right,open=false": {"model": "block/pale_oak_door_top_right"},
    "facing=north,half=upper,hinge=right,open=true":  {"model": "block/pale_oak_door_top_left","y": 270},
    "facing=east,half=lower,hinge=left,open=false":   {"model": "block/pale_oak_door_bottom_left", "y": 90},
    "facing=east,half=lower,hinge=left,open=true":    {"model": "block/pale_oak_door_bottom_right", "y": 180},
    "facing=east,half=lower,hinge=right,open=false":  {"model": "block/pale_oak_door_bottom_right", "y": 90},
    "facing=east,half=lower,hinge=right,open=true":   {"model": "block/pale_oak_door_bottom_left"},
    "facing=east,half=upper,hinge=left,open=false":   {"model": "block/pale_oak_door_top_left", "y": 90},
    "facing=east,half=upper,hinge=left,open=true":    {"model": "block/pale_oak_door_top_right", "y": 180},
    "facing=east,half=upper,hinge=right,open=false":  {"model": "block/pale_oak_door_top_right", "y": 90},
    "facing=east,half=upper,hinge=right,open=true":   {"model": "block/pale_oak_door_top_left"},
    "facing=south,half=lower,hinge=left,open=false":  {"model": "block/pale_oak_door_bottom_left","y": 180},
    "facing=south,half=lower,hinge=left,open=true":   {"model": "block/pale_oak_door_bottom_right","y": 270},
    "facing=south,half=lower,hinge=right,open=false": {"model": "block/pale_oak_door_bottom_right","y": 180},
    "facing=south,half=lower,hinge=right,open=true":  {"model": "block/pale_oak_door_bottom_left","y": 90},
    "facing=south,half=upper,hinge=left,open=false":  {"model": "block/pale_oak_door_top_left","y": 180},
    "facing=south,half=upper,hinge=left,open=true":   {"model": "block/pale_oak_door_top_right","y": 270},
    "facing=south,half=upper,hinge=right,open=false": {"model": "block/pale_oak_door_top_right","y": 180},
    "facing=south,half=upper,hinge=right,open=true":  {"model": "block/pale_oak_door_top_left","y": 90},
    "facing=west,half=lower,hinge=left,open=false":   {"model": "block/pale_oak_door_bottom_left","y": 270},
    "facing=west,half=lower,hinge=left,open=true":    {"model": "block/pale_oak_door_bottom_right"},
    "facing=west,half=lower,hinge=right,open=false":  {"model": "block/pale_oak_door_bottom_right","y": 270},
    "facing=west,half=lower,hinge=right,open=true":   {"model": "block/pale_oak_door_bottom_left","y": 180},
    "facing=west,half=upper,hinge=left,open=false":   {"model": "block/pale_oak_door_top_left","y": 270},
    "facing=west,half=upper,hinge=left,open=true":    {"model": "block/pale_oak_door_top_right"},
    "facing=west,half=upper,hinge=right,open=false":  {"model": "block/pale_oak_door_top_right","y": 270},
    "facing=west,half=upper,hinge=right,open=true":   {"model": "block/pale_oak_door_top_left","y": 180}
  }
}