{
  "variants": {
    "persistent=true": { "model": "block/pale_oak_leaves" },
    "persistent=false,distance=1": { "model": "block/pale_oak_leaves" },
    "persistent=false,distance=2": { "model": "block/pale_oak_leaves" },
    "persistent=false,distance=3": { "model": "block/pale_oak_leaves" },
    "persistent=false,distance=4": { "model": "block/pale_oak_leaves" },
    "persistent=false,distance=5": { "model": "block/pale_oak_leaves" },
    "persistent=false,distance=6": { "model": "block/pale_oak_leaves" },
    "persistent=false,distance=7": { "model": "block/pale_oak_leaves_dead"}
  }
}