{
	"model":{
		"type":"composite",
		"models":[
			{
				"type":"select",
				"property":"display_context",
				"cases":[
					{
						"when":["gui","fixed"],
						"model":{
							"type":"model",
							"model":"item/compass"
						}
					}
				],
				"fallback":{
					"type":"model", 
					"model":"item/compass_alt"
				}
			},
			{
				"type":"select",
				"property":"display_context",
				"cases":[
					{
						"when":["gui","fixed"],
						"model":{
							"type":"condition",
							"property":"has_component",
							"component":"lodestone_tracker",
							"on_true":{
								"type":"range_dispatch",
								"property":"compass",
								"target":"lodestone",
								"scale":50,
								"entries":[
									{"model":{"type":"model","model":"item/tip1","tints":[{"type":"dye","default":-65281}]},"threshold":0},
									{"model":{"type":"model","model":"item/tip2","tints":[{"type":"dye","default":-65281}]},"threshold":1},
									{"model":{"type":"model","model":"item/tip3","tints":[{"type":"dye","default":-65281}]},"threshold":2},
									{"model":{"type":"model","model":"item/tip4","tints":[{"type":"dye","default":-65281}]},"threshold":3},
									{"model":{"type":"model","model":"item/tip5","tints":[{"type":"dye","default":-65281}]},"threshold":4},
									{"model":{"type":"model","model":"item/tip6","tints":[{"type":"dye","default":-65281}]},"threshold":5},
									{"model":{"type":"model","model":"item/tip7","tints":[{"type":"dye","default":-65281}]},"threshold":6},
									{"model":{"type":"model","model":"item/tip8","tints":[{"type":"dye","default":-65281}]},"threshold":7},
									{"model":{"type":"model","model":"item/tip9","tints":[{"type":"dye","default":-65281}]},"threshold":8},
									{"model":{"type":"model","model":"item/tip10","tints":[{"type":"dye","default":-65281}]},"threshold":9},
									{"model":{"type":"model","model":"item/tip11","tints":[{"type":"dye","default":-65281}]},"threshold":10},
									{"model":{"type":"model","model":"item/tip12","tints":[{"type":"dye","default":-65281}]},"threshold":11},
									{"model":{"type":"model","model":"item/tip13","tints":[{"type":"dye","default":-65281}]},"threshold":12},
									{"model":{"type":"model","model":"item/tip14","tints":[{"type":"dye","default":-65281}]},"threshold":13},
									{"model":{"type":"model","model":"item/tip15","tints":[{"type":"dye","default":-65281}]},"threshold":14},
									{"model":{"type":"model","model":"item/tip16","tints":[{"type":"dye","default":-65281}]},"threshold":15},
									{"model":{"type":"model","model":"item/tip17","tints":[{"type":"dye","default":-65281}]},"threshold":16},
									{"model":{"type":"model","model":"item/tip18","tints":[{"type":"dye","default":-65281}]},"threshold":17},
									{"model":{"type":"model","model":"item/tip19","tints":[{"type":"dye","default":-65281}]},"threshold":18},
									{"model":{"type":"model","model":"item/tip20","tints":[{"type":"dye","default":-65281}]},"threshold":19},
									{"model":{"type":"model","model":"item/tip21","tints":[{"type":"dye","default":-65281}]},"threshold":20},
									{"model":{"type":"model","model":"item/tip22","tints":[{"type":"dye","default":-65281}]},"threshold":21},
									{"model":{"type":"model","model":"item/tip23","tints":[{"type":"dye","default":-65281}]},"threshold":22},
									{"model":{"type":"model","model":"item/tip24","tints":[{"type":"dye","default":-65281}]},"threshold":23},
									{"model":{"type":"model","model":"item/tip25","tints":[{"type":"dye","default":-65281}]},"threshold":24},
									{"model":{"type":"model","model":"item/tip26","tints":[{"type":"dye","default":-65281}]},"threshold":25},
									{"model":{"type":"model","model":"item/tip27","tints":[{"type":"dye","default":-65281}]},"threshold":26},
									{"model":{"type":"model","model":"item/tip28","tints":[{"type":"dye","default":-65281}]},"threshold":27},
									{"model":{"type":"model","model":"item/tip29","tints":[{"type":"dye","default":-65281}]},"threshold":28},
									{"model":{"type":"model","model":"item/tip30","tints":[{"type":"dye","default":-65281}]},"threshold":29},
									{"model":{"type":"model","model":"item/tip31","tints":[{"type":"dye","default":-65281}]},"threshold":30},
									{"model":{"type":"model","model":"item/tip32","tints":[{"type":"dye","default":-65281}]},"threshold":31},
									{"model":{"type":"model","model":"item/tip33","tints":[{"type":"dye","default":-65281}]},"threshold":32},
									{"model":{"type":"model","model":"item/tip34","tints":[{"type":"dye","default":-65281}]},"threshold":33},
									{"model":{"type":"model","model":"item/tip35","tints":[{"type":"dye","default":-65281}]},"threshold":34},
									{"model":{"type":"model","model":"item/tip36","tints":[{"type":"dye","default":-65281}]},"threshold":35},
									{"model":{"type":"model","model":"item/tip37","tints":[{"type":"dye","default":-65281}]},"threshold":36},
									{"model":{"type":"model","model":"item/tip38","tints":[{"type":"dye","default":-65281}]},"threshold":37},
									{"model":{"type":"model","model":"item/tip39","tints":[{"type":"dye","default":-65281}]},"threshold":38},
									{"model":{"type":"model","model":"item/tip40","tints":[{"type":"dye","default":-65281}]},"threshold":39},
									{"model":{"type":"model","model":"item/tip41","tints":[{"type":"dye","default":-65281}]},"threshold":40},
									{"model":{"type":"model","model":"item/tip42","tints":[{"type":"dye","default":-65281}]},"threshold":41},
									{"model":{"type":"model","model":"item/tip43","tints":[{"type":"dye","default":-65281}]},"threshold":42},
									{"model":{"type":"model","model":"item/tip44","tints":[{"type":"dye","default":-65281}]},"threshold":43},
									{"model":{"type":"model","model":"item/tip45","tints":[{"type":"dye","default":-65281}]},"threshold":44},
									{"model":{"type":"model","model":"item/tip46","tints":[{"type":"dye","default":-65281}]},"threshold":45},
									{"model":{"type":"model","model":"item/tip47","tints":[{"type":"dye","default":-65281}]},"threshold":46},
									{"model":{"type":"model","model":"item/tip48","tints":[{"type":"dye","default":-65281}]},"threshold":47},
									{"model":{"type":"model","model":"item/tip49","tints":[{"type":"dye","default":-65281}]},"threshold":48},
									{"model":{"type":"model","model":"item/tip50","tints":[{"type":"dye","default":-65281}]},"threshold":49}
								]
							},
							"on_false":{
								"type":"select",
								"property":"context_dimension",
								"cases":[
									{
										"when":"overworld",
										"model":{
											"type":"range_dispatch",
											"property":"compass",
											"target":"spawn",
											"scale":50,
											"entries":[
												{"model":{"type":"model","model":"item/tip1","tints":[{"type":"dye","default":-65536}]},"threshold":0},
												{"model":{"type":"model","model":"item/tip2","tints":[{"type":"dye","default":-65536}]},"threshold":1},
												{"model":{"type":"model","model":"item/tip3","tints":[{"type":"dye","default":-65536}]},"threshold":2},
												{"model":{"type":"model","model":"item/tip4","tints":[{"type":"dye","default":-65536}]},"threshold":3},
												{"model":{"type":"model","model":"item/tip5","tints":[{"type":"dye","default":-65536}]},"threshold":4},
												{"model":{"type":"model","model":"item/tip6","tints":[{"type":"dye","default":-65536}]},"threshold":5},
												{"model":{"type":"model","model":"item/tip7","tints":[{"type":"dye","default":-65536}]},"threshold":6},
												{"model":{"type":"model","model":"item/tip8","tints":[{"type":"dye","default":-65536}]},"threshold":7},
												{"model":{"type":"model","model":"item/tip9","tints":[{"type":"dye","default":-65536}]},"threshold":8},
												{"model":{"type":"model","model":"item/tip10","tints":[{"type":"dye","default":-65536}]},"threshold":9},
												{"model":{"type":"model","model":"item/tip11","tints":[{"type":"dye","default":-65536}]},"threshold":10},
												{"model":{"type":"model","model":"item/tip12","tints":[{"type":"dye","default":-65536}]},"threshold":11},
												{"model":{"type":"model","model":"item/tip13","tints":[{"type":"dye","default":-65536}]},"threshold":12},
												{"model":{"type":"model","model":"item/tip14","tints":[{"type":"dye","default":-65536}]},"threshold":13},
												{"model":{"type":"model","model":"item/tip15","tints":[{"type":"dye","default":-65536}]},"threshold":14},
												{"model":{"type":"model","model":"item/tip16","tints":[{"type":"dye","default":-65536}]},"threshold":15},
												{"model":{"type":"model","model":"item/tip17","tints":[{"type":"dye","default":-65536}]},"threshold":16},
												{"model":{"type":"model","model":"item/tip18","tints":[{"type":"dye","default":-65536}]},"threshold":17},
												{"model":{"type":"model","model":"item/tip19","tints":[{"type":"dye","default":-65536}]},"threshold":18},
												{"model":{"type":"model","model":"item/tip20","tints":[{"type":"dye","default":-65536}]},"threshold":19},
												{"model":{"type":"model","model":"item/tip21","tints":[{"type":"dye","default":-65536}]},"threshold":20},
												{"model":{"type":"model","model":"item/tip22","tints":[{"type":"dye","default":-65536}]},"threshold":21},
												{"model":{"type":"model","model":"item/tip23","tints":[{"type":"dye","default":-65536}]},"threshold":22},
												{"model":{"type":"model","model":"item/tip24","tints":[{"type":"dye","default":-65536}]},"threshold":23},
												{"model":{"type":"model","model":"item/tip25","tints":[{"type":"dye","default":-65536}]},"threshold":24},
												{"model":{"type":"model","model":"item/tip26","tints":[{"type":"dye","default":-65536}]},"threshold":25},
												{"model":{"type":"model","model":"item/tip27","tints":[{"type":"dye","default":-65536}]},"threshold":26},
												{"model":{"type":"model","model":"item/tip28","tints":[{"type":"dye","default":-65536}]},"threshold":27},
												{"model":{"type":"model","model":"item/tip29","tints":[{"type":"dye","default":-65536}]},"threshold":28},
												{"model":{"type":"model","model":"item/tip30","tints":[{"type":"dye","default":-65536}]},"threshold":29},
												{"model":{"type":"model","model":"item/tip31","tints":[{"type":"dye","default":-65536}]},"threshold":30},
												{"model":{"type":"model","model":"item/tip32","tints":[{"type":"dye","default":-65536}]},"threshold":31},
												{"model":{"type":"model","model":"item/tip33","tints":[{"type":"dye","default":-65536}]},"threshold":32},
												{"model":{"type":"model","model":"item/tip34","tints":[{"type":"dye","default":-65536}]},"threshold":33},
												{"model":{"type":"model","model":"item/tip35","tints":[{"type":"dye","default":-65536}]},"threshold":34},
												{"model":{"type":"model","model":"item/tip36","tints":[{"type":"dye","default":-65536}]},"threshold":35},
												{"model":{"type":"model","model":"item/tip37","tints":[{"type":"dye","default":-65536}]},"threshold":36},
												{"model":{"type":"model","model":"item/tip38","tints":[{"type":"dye","default":-65536}]},"threshold":37},
												{"model":{"type":"model","model":"item/tip39","tints":[{"type":"dye","default":-65536}]},"threshold":38},
												{"model":{"type":"model","model":"item/tip40","tints":[{"type":"dye","default":-65536}]},"threshold":39},
												{"model":{"type":"model","model":"item/tip41","tints":[{"type":"dye","default":-65536}]},"threshold":40},
												{"model":{"type":"model","model":"item/tip42","tints":[{"type":"dye","default":-65536}]},"threshold":41},
												{"model":{"type":"model","model":"item/tip43","tints":[{"type":"dye","default":-65536}]},"threshold":42},
												{"model":{"type":"model","model":"item/tip44","tints":[{"type":"dye","default":-65536}]},"threshold":43},
												{"model":{"type":"model","model":"item/tip45","tints":[{"type":"dye","default":-65536}]},"threshold":44},
												{"model":{"type":"model","model":"item/tip46","tints":[{"type":"dye","default":-65536}]},"threshold":45},
												{"model":{"type":"model","model":"item/tip47","tints":[{"type":"dye","default":-65536}]},"threshold":46},
												{"model":{"type":"model","model":"item/tip48","tints":[{"type":"dye","default":-65536}]},"threshold":47},
												{"model":{"type":"model","model":"item/tip49","tints":[{"type":"dye","default":-65536}]},"threshold":48},
												{"model":{"type":"model","model":"item/tip50","tints":[{"type":"dye","default":-65536}]},"threshold":49}
											]
										}
									}
								],
								"fallback":{
									"type":"range_dispatch",
									"property":"compass",
									"target":"none",
									"scale":50,
									"entries":[
										{"model":{"type":"model","model":"item/tip1","tints":[{"type":"dye","default":-65536}]},"threshold":0},
										{"model":{"type":"model","model":"item/tip2","tints":[{"type":"dye","default":-65536}]},"threshold":1},
										{"model":{"type":"model","model":"item/tip3","tints":[{"type":"dye","default":-65536}]},"threshold":2},
										{"model":{"type":"model","model":"item/tip4","tints":[{"type":"dye","default":-65536}]},"threshold":3},
										{"model":{"type":"model","model":"item/tip5","tints":[{"type":"dye","default":-65536}]},"threshold":4},
										{"model":{"type":"model","model":"item/tip6","tints":[{"type":"dye","default":-65536}]},"threshold":5},
										{"model":{"type":"model","model":"item/tip7","tints":[{"type":"dye","default":-65536}]},"threshold":6},
										{"model":{"type":"model","model":"item/tip8","tints":[{"type":"dye","default":-65536}]},"threshold":7},
										{"model":{"type":"model","model":"item/tip9","tints":[{"type":"dye","default":-65536}]},"threshold":8},
										{"model":{"type":"model","model":"item/tip10","tints":[{"type":"dye","default":-65536}]},"threshold":9},
										{"model":{"type":"model","model":"item/tip11","tints":[{"type":"dye","default":-65536}]},"threshold":10},
										{"model":{"type":"model","model":"item/tip12","tints":[{"type":"dye","default":-65536}]},"threshold":11},
										{"model":{"type":"model","model":"item/tip13","tints":[{"type":"dye","default":-65536}]},"threshold":12},
										{"model":{"type":"model","model":"item/tip14","tints":[{"type":"dye","default":-65536}]},"threshold":13},
										{"model":{"type":"model","model":"item/tip15","tints":[{"type":"dye","default":-65536}]},"threshold":14},
										{"model":{"type":"model","model":"item/tip16","tints":[{"type":"dye","default":-65536}]},"threshold":15},
										{"model":{"type":"model","model":"item/tip17","tints":[{"type":"dye","default":-65536}]},"threshold":16},
										{"model":{"type":"model","model":"item/tip18","tints":[{"type":"dye","default":-65536}]},"threshold":17},
										{"model":{"type":"model","model":"item/tip19","tints":[{"type":"dye","default":-65536}]},"threshold":18},
										{"model":{"type":"model","model":"item/tip20","tints":[{"type":"dye","default":-65536}]},"threshold":19},
										{"model":{"type":"model","model":"item/tip21","tints":[{"type":"dye","default":-65536}]},"threshold":20},
										{"model":{"type":"model","model":"item/tip22","tints":[{"type":"dye","default":-65536}]},"threshold":21},
										{"model":{"type":"model","model":"item/tip23","tints":[{"type":"dye","default":-65536}]},"threshold":22},
										{"model":{"type":"model","model":"item/tip24","tints":[{"type":"dye","default":-65536}]},"threshold":23},
										{"model":{"type":"model","model":"item/tip25","tints":[{"type":"dye","default":-65536}]},"threshold":24},
										{"model":{"type":"model","model":"item/tip26","tints":[{"type":"dye","default":-65536}]},"threshold":25},
										{"model":{"type":"model","model":"item/tip27","tints":[{"type":"dye","default":-65536}]},"threshold":26},
										{"model":{"type":"model","model":"item/tip28","tints":[{"type":"dye","default":-65536}]},"threshold":27},
										{"model":{"type":"model","model":"item/tip29","tints":[{"type":"dye","default":-65536}]},"threshold":28},
										{"model":{"type":"model","model":"item/tip30","tints":[{"type":"dye","default":-65536}]},"threshold":29},
										{"model":{"type":"model","model":"item/tip31","tints":[{"type":"dye","default":-65536}]},"threshold":30},
										{"model":{"type":"model","model":"item/tip32","tints":[{"type":"dye","default":-65536}]},"threshold":31},
										{"model":{"type":"model","model":"item/tip33","tints":[{"type":"dye","default":-65536}]},"threshold":32},
										{"model":{"type":"model","model":"item/tip34","tints":[{"type":"dye","default":-65536}]},"threshold":33},
										{"model":{"type":"model","model":"item/tip35","tints":[{"type":"dye","default":-65536}]},"threshold":34},
										{"model":{"type":"model","model":"item/tip36","tints":[{"type":"dye","default":-65536}]},"threshold":35},
										{"model":{"type":"model","model":"item/tip37","tints":[{"type":"dye","default":-65536}]},"threshold":36},
										{"model":{"type":"model","model":"item/tip38","tints":[{"type":"dye","default":-65536}]},"threshold":37},
										{"model":{"type":"model","model":"item/tip39","tints":[{"type":"dye","default":-65536}]},"threshold":38},
										{"model":{"type":"model","model":"item/tip40","tints":[{"type":"dye","default":-65536}]},"threshold":39},
										{"model":{"type":"model","model":"item/tip41","tints":[{"type":"dye","default":-65536}]},"threshold":40},
										{"model":{"type":"model","model":"item/tip42","tints":[{"type":"dye","default":-65536}]},"threshold":41},
										{"model":{"type":"model","model":"item/tip43","tints":[{"type":"dye","default":-65536}]},"threshold":42},
										{"model":{"type":"model","model":"item/tip44","tints":[{"type":"dye","default":-65536}]},"threshold":43},
										{"model":{"type":"model","model":"item/tip45","tints":[{"type":"dye","default":-65536}]},"threshold":44},
										{"model":{"type":"model","model":"item/tip46","tints":[{"type":"dye","default":-65536}]},"threshold":45},
										{"model":{"type":"model","model":"item/tip47","tints":[{"type":"dye","default":-65536}]},"threshold":46},
										{"model":{"type":"model","model":"item/tip48","tints":[{"type":"dye","default":-65536}]},"threshold":47},
										{"model":{"type":"model","model":"item/tip49","tints":[{"type":"dye","default":-65536}]},"threshold":48},
										{"model":{"type":"model","model":"item/tip50","tints":[{"type":"dye","default":-65536}]},"threshold":49}
									]
								}
							}
						}
					}
				],
				"fallback":{
					"type":"condition",
					"property":"has_component",
					"component":"lodestone_tracker",
					"on_true":{
						"type":"range_dispatch",
						"property":"compass",
						"target":"lodestone",
						"scale":16,
						"entries":[
							{"model":{"type":"model","model":"item/tip_alt1","tints":[{"type":"dye","default":-65281}]},"threshold":0},
							{"model":{"type":"model","model":"item/tip_alt2","tints":[{"type":"dye","default":-65281}]},"threshold":1},
							{"model":{"type":"model","model":"item/tip_alt3","tints":[{"type":"dye","default":-65281}]},"threshold":2},
							{"model":{"type":"model","model":"item/tip_alt4","tints":[{"type":"dye","default":-65281}]},"threshold":3},
							{"model":{"type":"model","model":"item/tip_alt5","tints":[{"type":"dye","default":-65281}]},"threshold":4},
							{"model":{"type":"model","model":"item/tip_alt6","tints":[{"type":"dye","default":-65281}]},"threshold":5},
							{"model":{"type":"model","model":"item/tip_alt7","tints":[{"type":"dye","default":-65281}]},"threshold":6},
							{"model":{"type":"model","model":"item/tip_alt8","tints":[{"type":"dye","default":-65281}]},"threshold":7},
							{"model":{"type":"model","model":"item/tip_alt9","tints":[{"type":"dye","default":-65281}]},"threshold":8},
							{"model":{"type":"model","model":"item/tip_alt10","tints":[{"type":"dye","default":-65281}]},"threshold":9},
							{"model":{"type":"model","model":"item/tip_alt11","tints":[{"type":"dye","default":-65281}]},"threshold":10},
							{"model":{"type":"model","model":"item/tip_alt12","tints":[{"type":"dye","default":-65281}]},"threshold":11},
							{"model":{"type":"model","model":"item/tip_alt13","tints":[{"type":"dye","default":-65281}]},"threshold":12},
							{"model":{"type":"model","model":"item/tip_alt14","tints":[{"type":"dye","default":-65281}]},"threshold":13},
							{"model":{"type":"model","model":"item/tip_alt15","tints":[{"type":"dye","default":-65281}]},"threshold":14},
							{"model":{"type":"model","model":"item/tip_alt16","tints":[{"type":"dye","default":-65281}]},"threshold":15}
						]
					},
					"on_false":{
						"type":"select",
						"property":"context_dimension",
						"cases":[
							{
								"when":"overworld",
								"model":{
									"type":"range_dispatch",
									"property":"compass",
									"target":"spawn",
									"scale":16,
									"entries":[
										{"model":{"type":"model","model":"item/tip_alt1","tints":[{"type":"dye","default":-65536}]},"threshold":0},
										{"model":{"type":"model","model":"item/tip_alt2","tints":[{"type":"dye","default":-65536}]},"threshold":1},
										{"model":{"type":"model","model":"item/tip_alt3","tints":[{"type":"dye","default":-65536}]},"threshold":2},
										{"model":{"type":"model","model":"item/tip_alt4","tints":[{"type":"dye","default":-65536}]},"threshold":3},
										{"model":{"type":"model","model":"item/tip_alt5","tints":[{"type":"dye","default":-65536}]},"threshold":4},
										{"model":{"type":"model","model":"item/tip_alt6","tints":[{"type":"dye","default":-65536}]},"threshold":5},
										{"model":{"type":"model","model":"item/tip_alt7","tints":[{"type":"dye","default":-65536}]},"threshold":6},
										{"model":{"type":"model","model":"item/tip_alt8","tints":[{"type":"dye","default":-65536}]},"threshold":7},
										{"model":{"type":"model","model":"item/tip_alt9","tints":[{"type":"dye","default":-65536}]},"threshold":8},
										{"model":{"type":"model","model":"item/tip_alt10","tints":[{"type":"dye","default":-65536}]},"threshold":9},
										{"model":{"type":"model","model":"item/tip_alt11","tints":[{"type":"dye","default":-65536}]},"threshold":10},
										{"model":{"type":"model","model":"item/tip_alt12","tints":[{"type":"dye","default":-65536}]},"threshold":11},
										{"model":{"type":"model","model":"item/tip_alt13","tints":[{"type":"dye","default":-65536}]},"threshold":12},
										{"model":{"type":"model","model":"item/tip_alt14","tints":[{"type":"dye","default":-65536}]},"threshold":13},
										{"model":{"type":"model","model":"item/tip_alt15","tints":[{"type":"dye","default":-65536}]},"threshold":14},
										{"model":{"type":"model","model":"item/tip_alt16","tints":[{"type":"dye","default":-65536}]},"threshold":15}
									]
								}
							}
						],
						"fallback":{
							"type":"range_dispatch",
							"property":"compass",
							"target":"none",
							"scale":16,
							"entries":[
								{"model":{"type":"model","model":"item/tip_alt1","tints":[{"type":"dye","default":-65536}]},"threshold":0},
								{"model":{"type":"model","model":"item/tip_alt2","tints":[{"type":"dye","default":-65536}]},"threshold":1},
								{"model":{"type":"model","model":"item/tip_alt3","tints":[{"type":"dye","default":-65536}]},"threshold":2},
								{"model":{"type":"model","model":"item/tip_alt4","tints":[{"type":"dye","default":-65536}]},"threshold":3},
								{"model":{"type":"model","model":"item/tip_alt5","tints":[{"type":"dye","default":-65536}]},"threshold":4},
								{"model":{"type":"model","model":"item/tip_alt6","tints":[{"type":"dye","default":-65536}]},"threshold":5},
								{"model":{"type":"model","model":"item/tip_alt7","tints":[{"type":"dye","default":-65536}]},"threshold":6},
								{"model":{"type":"model","model":"item/tip_alt8","tints":[{"type":"dye","default":-65536}]},"threshold":7},
								{"model":{"type":"model","model":"item/tip_alt9","tints":[{"type":"dye","default":-65536}]},"threshold":8},
								{"model":{"type":"model","model":"item/tip_alt10","tints":[{"type":"dye","default":-65536}]},"threshold":9},
								{"model":{"type":"model","model":"item/tip_alt11","tints":[{"type":"dye","default":-65536}]},"threshold":10},
								{"model":{"type":"model","model":"item/tip_alt12","tints":[{"type":"dye","default":-65536}]},"threshold":11},
								{"model":{"type":"model","model":"item/tip_alt13","tints":[{"type":"dye","default":-65536}]},"threshold":12},
								{"model":{"type":"model","model":"item/tip_alt14","tints":[{"type":"dye","default":-65536}]},"threshold":13},
								{"model":{"type":"model","model":"item/tip_alt15","tints":[{"type":"dye","default":-65536}]},"threshold":14},
								{"model":{"type":"model","model":"item/tip_alt16","tints":[{"type":"dye","default":-65536}]},"threshold":15}
							]
						}
					}
				}
			}
		]
	}
}