{
  "multipart": [
    {
      "when": { "north": "false", "east": "false", "south": "false", "west": "false" },
      "apply": {
        "model": "block/bamboo_fence_post2"
      }
    },
    {
      "when": { "north": "true" },
      "apply": {
        "model": "block/bamboo_fence_post"
      }
    },
    {
      "when": { "east": "true" },
      "apply": {
        "model": "block/bamboo_fence_post"
      }
    },
    {
      "when": { "south": "true" },
      "apply": {
        "model": "block/bamboo_fence_post"
      }
    },
    {
      "when": { "west": "true" },
      "apply": {
        "model": "block/bamboo_fence_post"
      }
    },
    {
      "when": {
        "north": "true"
      },
      "apply": {
        "model": "block/bamboo_fence_side",
        "uvlock": false
      }
    },
    {
      "when": {
        "east": "true"
      },
      "apply": {
        "model": "block/bamboo_fence_side",
        "y": 90,
        "uvlock": false
      }
    },
    {
      "when": {
        "south": "true"
      },
      "apply": {
        "model": "block/bamboo_fence_side",
        "y": 180,
        "uvlock": false
      }
    },
    {
      "when": {
        "west": "true"
      },
      "apply": {
        "model": "block/bamboo_fence_side",
        "y": 270,
        "uvlock": false
      }
    }
  ]
}