{
    "multipart": [
		{
		"apply": [ 
			{ "model": "block/netherrack_artery", 	"weight": 20 },
			{ "model": "block/netherrack_artery", 	"weight": 20, "y": 90 },
			{ "model": "block/netherrack_artery", 	"weight": 20, "y": 180 },
			{ "model": "block/netherrack_artery", 	"weight": 20, "y": 270 },
			{ "model": "block/netherrack_bone", 		"weight": 1 },
			{ "model": "block/netherrack_bone", 		"weight": 1, "y": 90 },
			{ "model": "block/netherrack_bone", 		"weight": 1, "y": 180 },
			{ "model": "block/netherrack_bone", 		"weight": 1, "y": 270 },
			{ "model": "block/netherrack_brain", 		"weight": 20 },
			{ "model": "block/netherrack_brain", 		"weight": 20, "y": 90 },
			{ "model": "block/netherrack_brain", 		"weight": 20, "y": 180 },
			{ "model": "block/netherrack_brain", 		"weight": 20, "y": 270 },
			{ "model": "block/netherrack_eye",		"weight": 6 },
			{ "model": "block/netherrack_eye",		"weight": 6, "y": 90 },
			{ "model": "block/netherrack_eye",		"weight": 6, "y": 180 },
			{ "model": "block/netherrack_eye",		"weight": 6, "y": 270 },
			{ "model": "block/netherrack_eye_large", 	"weight": 3 },
			{ "model": "block/netherrack_eye_large", 	"weight": 3, "y": 90 },
			{ "model": "block/netherrack_eye_large", 	"weight": 3, "y": 180 },
			{ "model": "block/netherrack_eye_large", 	"weight": 3, "y": 270 },
			{ "model": "block/netherrack_eyes",		"weight": 6 },
			{ "model": "block/netherrack_eyes",		"weight": 6, "y": 90 },
			{ "model": "block/netherrack_eyes",		"weight": 6, "y": 180 },
			{ "model": "block/netherrack_eyes",		"weight": 6, "y": 270 },
			{ "model": "block/netherrack_muscle",		"weight": 20 },
			{ "model": "block/netherrack_muscle",		"weight": 20, "y": 90 },
			{ "model": "block/netherrack_muscle",		"weight": 20, "y": 180 },
			{ "model": "block/netherrack_muscle",		"weight": 20, "y": 270 },
			{ "model": "block/netherrack_nest",		"weight": 8 },
			{ "model": "block/netherrack_nest",		"weight": 8, "y": 90 },
			{ "model": "block/netherrack_nest",		"weight": 8, "y": 180 },
			{ "model": "block/netherrack_nest",		"weight": 8, "y": 270 },
			{ "model": "block/netherrack_nests",		"weight": 8 },
			{ "model": "block/netherrack_nests",		"weight": 8, "y": 90 },
			{ "model": "block/netherrack_nests",		"weight": 8, "y": 180 },
			{ "model": "block/netherrack_nests",		"weight": 8, "y": 270 },
			{ "model": "block/netherrack_peeper",		"weight": 3 },
			{ "model": "block/netherrack_peeper",		"weight": 3, "y": 90 },
			{ "model": "block/netherrack_peeper",		"weight": 3, "y": 180 },
			{ "model": "block/netherrack_peeper",		"weight": 3, "y": 270 },
			{ "model": "block/netherrack_peepers",	"weight": 3 },
			{ "model": "block/netherrack_peepers",	"weight": 3, "y": 90 },
			{ "model": "block/netherrack_peepers",	"weight": 3, "y": 180 },
			{ "model": "block/netherrack_peepers",	"weight": 3, "y": 270 },
			{ "model": "block/netherrack_rough",		"weight": 200 },
			{ "model": "block/netherrack_rough",		"weight": 200, "y": 90 },
			{ "model": "block/netherrack_rough",		"weight": 200, "y": 180 },
			{ "model": "block/netherrack_rough",		"weight": 200, "y": 270 },
			{ "model": "block/netherrack_scout",		"weight": 1 },
			{ "model": "block/netherrack_scout",		"weight": 1, "y": 90 },
			{ "model": "block/netherrack_scout",		"weight": 1, "y": 180 },
			{ "model": "block/netherrack_scout",		"weight": 1, "y": 270 },
			{ "model": "block/netherrack_skull",		"weight": 2 },
			{ "model": "block/netherrack_skull",		"weight": 2, "y": 90 },
			{ "model": "block/netherrack_skull",		"weight": 2, "y": 180 },
			{ "model": "block/netherrack_skull",		"weight": 2, "y": 270 },
			{ "model": "block/netherrack_stomach",	"weight": 1 },
			{ "model": "block/netherrack_stomach",	"weight": 1, "y": 90 },
			{ "model": "block/netherrack_stomach",	"weight": 1, "y": 180 },
			{ "model": "block/netherrack_stomach",	"weight": 1, "y": 270 },
			{ "model": "block/netherrack_veins",		"weight": 30 },
			{ "model": "block/netherrack_veins",		"weight": 30, "y": 90 },
			{ "model": "block/netherrack_veins",		"weight": 30, "y": 180 },
			{ "model": "block/netherrack_veins",		"weight": 30, "y": 270 },
			{ "model": "block/netherrack_veins2",		"weight": 20 },
			{ "model": "block/netherrack_veins2",		"weight": 20, "y": 90 },
			{ "model": "block/netherrack_veins2",		"weight": 20, "y": 180 },
			{ "model": "block/netherrack_veins2",		"weight": 20, "y": 270 }
			]
		},
		{
		"apply": [ 
			{ "model": "block/air", "weight": 100 },
			{ "model": "block/nether_algae", "weight": 1 }
			]
		}
    ]
}
